models/net_00_f64.onnx,props/net_00.vnnlib,300
models/net_01_f64.onnx,props/net_01.vnnlib,300
models/net_02_f64.onnx,props/net_02.vnnlib,300
models/net_03_f64.onnx,props/net_03.vnnlib,300
models/net_04_f64.onnx,props/net_04.vnnlib,300
models/net_05_f64.onnx,props/net_05.vnnlib,300
models/net_06_f64.onnx,props/net_06.vnnlib,300
models/net_07_f64.onnx,props/net_07.vnnlib,300
models/net_08_f64.onnx,props/net_08.vnnlib,300
models/net_09_f64.onnx,props/net_09.vnnlib,300
models/net_10_f64.onnx,props/net_10.vnnlib,300
models/net_11_f64.onnx,props/net_11.vnnlib,300
models/net_12_f64.onnx,props/net_12.vnnlib,300
models/net_13_f64.onnx,props/net_13.vnnlib,300
models/net_14_f64.onnx,props/net_14.vnnlib,300
models/net_15_f64.onnx,props/net_15.vnnlib,300
models/net_16_f64.onnx,props/net_16.vnnlib,300
models/net_17_f64.onnx,props/net_17.vnnlib,300
models/net_18_f64.onnx,props/net_18.vnnlib,300
models/net_19_f64.onnx,props/net_19.vnnlib,300
models/net_20_f64.onnx,props/net_20.vnnlib,300
models/net_21_f64.onnx,props/net_21.vnnlib,300
models/net_22_f64.onnx,props/net_22.vnnlib,300
models/net_23_f64.onnx,props/net_23.vnnlib,300
